{
    "applinks": {
        "apps": [],
        "details": [{
            "appID": "NNML75GLQL.com.anghami.anghami",
            "paths": [
                "/profile/*",
                "/album/*",
                "/song/*",
                "/artist/*",
                "/tag/*",
                "/tags/*",
                "/playlist/*",
                "/video/*",
                "/search/*",
                "/story/*",
                "/uservideo/*",
                "/newuservideo",
                "/friends",
                "/generic/*"
            ]
        }]
    }
}