{
    "applinks": {
        "apps": [],
        "details": [{
            "appID": "NNML75GLQL.com.anghami.anghami",
            "paths": [
                "/ar/*",
                "/fr/*",
                "/profile/*",
                "/album/*",
                "/song/*",
                "/artist/*",
                "/tag/*",
                "/tags/*",
                "/playlist/*",
                "/video/*",
                "/search/*",
                "/uservideo/*",
                "/newuservideo",
                "/friends",
                "/gift/*",
                "/generic/*"
            ]
        }]
    }
}