<OpenSearchDescription xmlns="http://a9.com/-/spec/opensearch/1.1/" xmlns:moz="http://www.mozilla.org/2006/browser/search/">
<ShortName>Anghami</ShortName>
<Description>Search for songs, artists, playlists and albums on Anghami</Description>
<InputEncoding>UTF-8</InputEncoding>
<Image width="16" height="16" type="image/x-icon">
	https://d1nnkey4e90w30.cloudfront.net/assets/img/favicon/favicon-128.png</Image>
<Image width="57" height="57" type="image/png">
	https://d1nnkey4e90w30.cloudfront.net/assets/img/favicon/apple-touch-icon-72x72.png
</Image>
<Url type="text/html" method="GET" template="http://play.anghami.com/search/{searchTerms}"/>
<moz:SearchForm>http://play.anghami.com</moz:SearchForm>
</OpenSearchDescription>